Time (Sec);S3;S10;S11;S12;S13;S14;S15;S16;S17;S18;S19;S20;S21;S22;S23;S24;S4;S8;S9;S45;S46;S47;
0.0;19160.0;100.0;100.0;100.0;100.0;100.0;100.0;100.0;100.0;100.0;100.0;100.0;100.0;100.0;100.0;100.0;100.0;100.0;100.0;100.0;100.0;100.0;
10.037429333333309;19160.0;99.89064079999997;99.98513199999996;99.85772879999993;99.85429679999993;99.88142479999993;99.97803919999996;99.98513199999996;99.97140399999995;99.98169999999996;99.73966799999992;99.88165359999994;99.98513199999996;99.88508559999994;99.87478959999993;99.96820079999995;99.68519839999993;99.97210639999994;99.70984159999998;99.73516079999993;99.97529359999996;99.98192879999996;
20.037429333333222;19160.0;99.84238079999994;99.98423199999993;99.73606079999988;99.73262879999987;99.8322175999999;99.97713919999993;99.98423199999993;99.97050399999992;99.98079999999993;99.50363119999984;99.8324463999999;99.98423199999993;99.8358783999999;99.82558239999989;99.96730079999992;99.28933599999988;99.97120639999991;99.41222959999996;99.49344079999986;99.97439359999993;99.98102879999993;
30.037429333333126;19160.0;99.65069999999992;99.83841039999987;99.73516079999985;99.73172879999984;99.62049759999991;99.70581919999994;99.84125199999991;99.8512039999999;99.86149999999991;99.31195039999982;99.61651199999986;99.83841039999987;99.83497839999987;99.82468239999986;99.8432647999999;99.03686319999983;99.64617279999985;99.08719599999989;99.49254079999983;99.85272559999987;99.85936079999988;
40.00457599999963;19160.0;99.62554639999988;99.83751039999984;99.73426079999982;99.73082879999981;99.61959759999988;99.68123919999991;99.84035199999988;99.77926399999987;99.86059999999988;99.14350719999977;99.47232239999983;99.74089599999982;99.83407839999984;99.82378239999983;99.76848319999988;99.0359631999998;99.40536879999979;98.95385919999984;99.4916407999998;99.85182559999984;99.76184639999983;
50.0045759999994;19160.0;99.57728639999985;99.83661039999981;99.68505359999978;99.70577519999978;99.57039039999984;99.68033919999988;99.83945199999985;99.73100399999984;99.85969999999985;98.95290479999973;99.35147039999978;99.69168879999978;99.7848711999998;99.7987287999998;99.71822879999985;98.89167359999976;99.28451679999975;98.81060079999982;99.37078879999976;99.85092559999981;99.71263919999978;
60.00126533333246;19160.0;99.50534639999982;99.83571039999978;99.4667711999997;99.4874927999997;99.49702959999979;99.67943919999985;99.83855199999982;99.73000399999981;99.85879999999982;98.57655119999963;99.25395599999973;99.69078879999975;99.68735679999975;99.70111439999974;99.71732879999982;98.40082879999972;99.28361679999972;98.43061999999982;99.00921679999968;99.85002559999978;99.71173919999976;
70.00566533333269;19160.0;99.5044463999998;99.83481039999975;99.32094959999964;99.34157119999963;99.49612959999976;99.67853919999982;99.83765199999979;99.72910399999978;99.85789999999979;98.45961919999957;99.2529559999997;99.68988879999972;99.68645679999972;99.70021439999971;99.71642879999979;98.08827999999966;99.28261679999969;98.11807119999976;98.86339519999962;99.84902559999975;99.71083919999973;
80.00344399999958;19160.0;99.28861199999976;99.68898879999969;99.3199495999996;99.3406711999996;99.28440959999978;99.32473919999984;99.69467199999977;99.58612399999976;99.71491999999976;98.24378479999953;99.03712159999967;99.54406719999966;99.68555679999969;99.69931439999968;99.59239279999977;97.84829199999962;98.92186079999962;97.75721519999969;98.86249519999959;99.70320399999969;99.56501759999966;
90.0045759999998;19160.0;99.28771199999973;99.68808879999966;99.31904959999957;99.33977119999957;99.28350959999975;99.32383919999981;99.69377199999974;99.44314399999973;99.71391999999973;98.0636727999995;98.85710959999963;99.4223991999996;99.68455679999965;99.69841439999965;99.44372959999976;97.84739199999959;98.58515839999956;97.63554719999964;98.86149519999955;99.70230399999966;99.4190959999996;
100.0045760000001;19160.0;99.1919919999997;99.68708879999963;99.22153519999952;99.24225679999952;99.1859951999997;99.32293919999978;99.6927719999997;99.4422439999997;99.7130199999997;97.85081119999944;98.75949519999958;99.42139919999957;99.5870423999996;99.6008999999996;99.44282959999973;97.57148159999954;98.56010479999952;97.47022479999964;98.6448447999995;99.70140399999963;99.41819599999957;
110.00126533333358;19160.0;99.16741199999967;99.6861887999996;99.00325279999944;99.02397439999945;99.13678799999965;99.32203919999975;99.69187199999968;99.44134399999967;99.71211999999967;97.55777119999934;98.73444159999954;99.42049919999954;99.56198879999957;99.55169279999956;99.4419295999997;97.1522815999995;98.55920479999949;97.11312399999963;98.36658639999942;99.7005039999996;99.41729599999954;
120.00000000000023;19160.0;99.16651199999964;99.68528879999957;98.9298919999994;98.9264599999994;99.13588799999962;99.32113919999972;99.69097199999965;99.44044399999964;99.71121999999964;97.48725199999929;98.73354159999951;99.41959919999951;99.56108879999954;99.55079279999953;99.44102959999967;96.91137759999944;98.55830479999946;96.88388879999957;98.26907199999937;99.69960399999957;99.41639599999951;
130.08631866666707;19160.0;98.98649999999961;99.56362079999951;98.92899199999937;98.92555999999936;98.95938799999963;99.00255919999974;99.57167199999962;99.29746399999962;99.59191999999962;97.30723999999925;98.55352959999948;99.29793119999945;99.56018879999951;99.5498927999995;99.29236639999965;96.7313655999994;98.2332711999994;96.5588551999995;98.26817199999934;99.57793599999951;99.29472799999945;
140.08740800000024;19160.0;98.98559999999958;99.56272079999948;98.92809199999934;98.92465999999934;98.9583879999996;99.00165919999971;99.5707719999996;99.1781639999996;99.59101999999959;97.12712799999922;98.37341759999944;99.1762631999994;99.55928879999948;99.54899279999947;99.14370319999963;96.73046559999938;97.90833759999933;96.43718719999944;98.26727199999931;99.57703599999948;99.1730599999994;
150.00000000000023;19160.0;98.86629999999955;99.56182079999945;98.80642399999928;98.80299199999928;98.81256639999954;99.00065919999967;99.56987199999956;99.17726399999957;99.59011999999956;96.79620879999915;98.22759599999938;99.17536319999937;99.43762079999942;99.42732479999941;99.1428031999996;96.31126559999933;97.9074375999993;96.20139599999946;97.94223839999924;99.57613599999945;99.17215999999937;
160.0023546666674;19160.0;98.86539999999952;99.56092079999942;98.5881415999992;98.5847095999992;98.81166639999951;98.99975919999964;99.56897199999953;99.17636399999954;99.58921999999953;96.56229759999906;98.22669599999935;99.17446319999934;99.43672079999939;99.42642479999938;99.14180319999957;95.96371039999929;97.90653759999927;95.85478799999943;97.72395599999916;99.57523599999942;99.17125999999934;
170.00235466666797;19160.0;98.79275519999949;99.51171359999938;98.53893439999916;98.53550239999916;98.7405263999995;98.88125919999963;99.5207119999995;99.1280039999995;99.5409599999995;96.44323999999901;98.15415119999932;99.1252559999993;99.43582079999936;99.42542479999935;99.09164879999955;95.75862879999923;97.83399279999924;95.58973039999937;97.67474879999912;99.55018239999939;99.1220527999993;
180.00000000000176;19160.0;98.64856559999946;99.41419919999933;98.53803439999913;98.53450239999913;98.5991463999995;98.64515919999964;99.42509199999948;99.05606399999948;99.44533999999948;96.29905039999898;98.00986159999928;99.02774159999925;99.43492079999933;99.42452479999932;99.01686719999952;95.6144391999992;97.56893519999917;95.3246727999993;97.67384879999909;99.45256799999933;99.02453839999924;
190.003444000002;19160.0;98.64766559999943;99.4132991999993;98.5370343999991;98.5336023999991;98.59824639999947;98.64425919999961;99.42419199999945;98.93676399999946;99.44443999999945;96.08311599999894;97.79402719999925;98.88191999999918;99.4340207999993;99.42362479999929;98.8928311999995;95.61353919999917;97.2080791999991;95.20300479999925;97.67294879999906;99.4516679999993;98.87871679999918;
200.0460133333356;19160.0;98.5283655999994;99.41239919999927;98.34290559999903;98.33947359999902;98.4523247999994;98.64325919999958;99.42329199999942;98.93586399999943;99.44343999999941;95.74065919999886;97.67235919999919;98.88101999999915;99.28809919999924;99.30195679999923;98.89193119999948;95.11102559999912;97.20717919999908;94.86011999999927;97.26378559999898;99.45076799999927;98.87771679999915;
210.0000000000021;19160.0;98.52746559999937;99.41139919999924;98.12462319999895;98.12119119999895;98.45142479999937;98.64235919999955;99.42229199999939;98.9349639999994;99.44253999999938;95.53090159999877;97.67145919999916;98.88001999999912;99.28719919999921;99.3010567999992;98.89103119999945;94.76347039999908;97.20627919999905;94.51303839999923;97.0455031999989;99.44986799999924;98.87681679999912;
220.0034440000021;19160.0;98.38317599999934;99.31388479999919;98.12372319999892;98.12029119999892;98.31004479999937;98.42993919999955;99.32667199999936;98.83934399999937;99.34691999999936;95.38661199999873;97.52716959999913;98.78250559999907;99.28629919999918;99.30015679999917;98.79162239999943;94.49841279999902;96.989628799999;94.19977359999916;97.04460319999887;99.35235359999919;98.77930239999907;
230.04379200000182;19160.0;98.34645359999931;99.28883119999915;98.12282319999889;98.11939119999889;98.27402479999935;98.28775919999954;99.30209199999933;98.74372399999935;99.29865999999933;95.3140671999987;97.4429559999991;98.70914479999902;99.28539919999915;99.29925679999914;98.6922135999994;94.42586799999899;96.72457119999893;94.0421831999991;97.04370319999884;99.30314639999915;98.68178799999902;
240.00000000000122;19160.0;98.34555359999928;99.28793119999912;98.12192319999886;98.11849119999886;98.27312479999932;98.28685919999951;99.3011919999993;98.64810399999932;99.2977599999993;95.16987759999867;97.31043519999906;98.63578399999898;99.28449919999912;99.29835679999911;98.59280479999939;94.42496799999896;96.51958959999888;93.96882239999906;97.04280319999881;99.30224639999912;98.60842719999897;
250.0056653333342;19160.0;98.22625359999925;99.28703119999909;97.90364079999878;97.90020879999878;98.15145679999927;98.28595919999948;99.30029199999927;98.64720399999929;99.29685999999927;94.72187919999857;97.164513599999;98.63488399999895;99.16283119999906;99.15253519999905;98.59190479999936;93.8624783999989;96.51868959999885;93.56643519999908;96.62115519999873;99.30134639999909;98.60752719999894;
260.00566533333364;19160.0;98.22535359999922;99.28613119999906;97.73366559999872;97.73023359999871;98.15055679999924;98.28495919999945;99.29939199999924;98.64630399999926;99.29595999999924;94.55853439999849;97.16361359999897;98.63398399999892;99.16193119999903;99.15163519999902;98.59100479999933;93.53826079999885;96.51778959999882;93.24221759999902;96.45117999999866;99.30044639999906;98.60662719999891;
270.004575999999;19160.0;98.06939519999919;99.164463199999;97.73276559999869;97.72933359999868;97.97395679999924;97.96637919999947;99.18009199999922;98.52700399999924;99.17665999999922;94.40267599999846;96.98360159999893;98.51231599999886;99.161031199999;99.15073519999899;98.4422415999993;93.3098415999988;96.19275599999875;92.92895279999895;96.45027999999863;99.178778399999;98.48495919999885;
280.0374293333302;19160.0;98.04434159999916;99.16356319999898;97.73186559999866;97.72843359999865;97.97305679999921;97.96547919999944;99.17919199999919;98.43128399999921;99.17575999999919;94.30587759999842;96.89938799999891;98.43895519999882;99.16013119999897;99.14973519999896;98.34283279999929;93.30894159999878;95.9877743999987;92.8197695999989;96.4493799999986;99.17787839999897;98.41159839999881;
290.0056653333274;19160.0;97.99608159999913;99.16266319999895;97.70681199999862;97.67912639999861;97.92384959999917;97.9645791999994;99.17829199999916;98.40670399999918;99.17485999999916;94.10360639999838;96.75428239999886;98.38974799999878;99.13507759999894;99.10052799999892;98.31730559999926;93.17642079999874;95.86692239999866;92.68807999999888;96.36435039999856;99.17687839999894;98.36239119999877;
300.0012653333251;19160.0;97.9241415999991;99.16176319999892;97.46427599999853;97.46084399999853;97.85048879999913;97.96367919999938;99.17739199999913;98.40580399999915;99.17395999999913;93.73892159999828;96.68092159999881;98.38884799999875;99.03756319999889;99.02716719999887;98.31640559999923;92.6739071999987;95.86602239999863;92.29643039999888;95.97852479999847;99.17597839999891;98.36149119999874;
310.00235466665623;19160.0;97.92324159999907;99.16086319999889;97.34260799999848;97.33917599999847;97.8495887999991;97.96277919999935;99.1764919999991;98.40490399999912;99.1729599999991;93.62198959999822;96.68002159999878;98.38794799999872;99.03656319999885;99.02626719999884;98.3155055999992;92.37302719999863;95.8651223999986;92.01970399999882;95.85685679999841;99.17507839999888;98.3604911999987;
320.00457599998765;19160.0;97.70730719999904;99.01494159999882;97.34170799999845;97.33827599999844;97.63786879999911;97.60897919999937;99.03341199999907;98.2856039999991;99.02997999999907;93.40615519999818;96.46418719999875;98.24202639999865;99.03566319999882;99.02536719999881;98.19146959999918;92.1929151999986;95.50426639999853;91.65894799999876;95.85595679999838;99.05341039999882;98.21466959999864;
330.00344399998784;19160.0;97.706407199999;99.01404159999879;97.34080799999842;97.33737599999841;97.63696879999908;97.60807919999934;99.03251199999904;98.16630399999907;99.02907999999904;93.19022079999814;96.24825279999871;98.09620479999859;99.03476319999879;99.02446719999878;98.06743359999916;92.19201519999856;95.14341039999846;91.5372799999987;95.85505679999835;99.0525103999988;98.06884799999858;
340.0034439999846;19160.0;97.61078719999898;99.01314159999876;97.24329359999837;97.23986159999836;97.53945439999903;97.60717919999931;99.03161199999901;98.16540399999904;99.02817999999901;92.95320559999809;96.15073839999866;98.09530479999856;98.93724879999874;98.92695279999873;98.06653359999913;91.91620479999852;95.14251039999843;91.3481775999987;95.6384063999983;99.05161039999876;98.06794799999855;
350.08631866664973;19160.0;97.56252719999895;99.01224159999873;97.02501119999829;97.02157919999829;97.49024719999899;97.60627919999928;99.03071199999899;98.16450399999901;99.02727999999898;92.671803199998;96.10153119999862;98.09440479999853;98.8880415999987;98.87774559999869;98.0656335999991;91.47366719999849;95.1416103999984;90.9796367999987;95.30007199999821;99.05071039999874;98.06704799999852;
360.08631866664837;19160.0;97.56162719999892;99.0113415999987;96.92749679999824;96.92406479999823;97.48934719999896;97.60537919999925;99.02981199999896;98.16360399999898;99.02637999999895;92.57807759999794;96.10063119999859;98.0935047999985;98.88714159999867;98.87684559999866;98.06473359999907;91.22027839999842;95.14071039999837;90.71457919999864;95.22671119999816;99.0498103999987;98.06614799999849;
370.00235466664793;19160.0;97.38161519999889;98.88967359999864;96.92659679999821;96.9231647999982;97.31284719999897;97.28669919999926;98.91051199999893;98.02062399999896;98.90707999999893;92.3979655999979;95.92061919999855;97.97183679999844;98.88624159999864;98.87594559999863;97.91607039999906;91.00434399999838;94.8157767999983;90.41379919999858;95.22581119999813;98.90398879999864;97.94447999999844;
380.003443999981;19160.0;97.38071519999886;98.88877359999861;96.92569679999818;96.92226479999817;97.31194719999894;97.28579919999923;98.9096119999989;97.87764399999894;98.9061799999989;92.21795359999787;95.74060719999852;97.85016879999839;98.88534159999861;98.8750455999986;97.76730719999904;91.00344399999835;94.49074319999824;90.29213119999852;95.2249111999981;98.90308879999861;97.82281199999838;
390.0023546666455;19160.0;97.26141519999884;98.88787359999858;96.80402879999812;96.80059679999812;97.19027919999888;97.2848991999992;98.90871199999887;97.8766439999989;98.90527999999887;91.9219095999978;95.61893919999847;97.84926879999836;98.76367359999855;98.72912399999854;97.76640719999901;90.6075815999983;94.4898431999982;90.03208639999853;94.94828479999805;98.90218879999858;97.82191199999835;
400.00126533331223;19160.0;97.2605151999988;98.88697359999856;96.58574639999804;96.55806079999803;97.18937919999885;97.28399919999917;98.90781199999884;97.87574399999887;98.90437999999884;91.6888455999977;95.61803919999844;97.84836879999833;98.76277359999852;98.7282239999985;97.76550719999898;90.23668879999826;94.48894319999818;89.6854783999985;94.68159519999796;98.90118879999855;97.82101199999832;
410.0460133333119;19160.0;97.22379279999878;98.86191999999852;96.536439199998;96.533007199998;97.15335919999883;97.22429919999915;98.88323199999881;97.82748399999885;98.87979999999881;91.65307039999767;95.5812167999984;97.82331519999829;98.7618735999985;98.72732399999848;97.71535279999895;90.05586079999821;94.40391359999813;89.45634319999844;94.65654159999792;98.85198159999851;97.79595839999828;
420.0034439999774;19160.0;97.07960319999874;98.76440559999847;96.53553919999797;96.53210719999797;97.01187919999883;96.98809919999916;98.78761199999879;97.75554399999882;98.78407999999878;91.48472719999764;95.43702719999837;97.72580079999824;98.76087359999846;98.72642399999845;97.64057119999893;89.92323999999817;94.16300959999808;89.21543919999839;94.65564159999789;98.77862079999846;97.69834399999823;
430.0045759999767;19160.0;97.07860319999871;98.76340559999844;96.53463919999794;96.53120719999794;97.0109791999988;96.98719919999913;98.78661199999875;97.6362439999988;98.78317999999875;91.2687927999976;95.22109279999833;97.57987919999817;98.75997359999843;98.72552399999842;97.51653519999891;89.92233999999814;93.86222959999802;89.09377119999833;94.65474159999786;98.77772079999843;97.57667599999817;
440.0012653333086;19160.0;96.93562319999869;98.7625055999984;96.36466399999787;96.36123199999787;96.88931119999874;96.9862991999991;98.78571199999872;97.63534399999877;98.78227999999872;90.86730719999751;95.07527119999827;97.57897919999814;98.61415199999837;98.60385599999836;97.51563519999888;89.4198263999981;93.86132959999799;88.75111519999835;94.24557839999778;98.7768207999984;97.57577599999814;
450.00126533330837;19160.0;96.93472319999866;98.76160559999838;96.1463815999978;96.14294959999779;96.88841119999871;96.98539919999907;98.7848119999987;97.63444399999874;98.78137999999869;90.65754959999742;95.07437119999824;97.57807919999811;98.61325199999834;98.60295599999833;97.51473519999885;89.07227119999806;93.86042959999796;88.40450719999832;94.0272959999977;98.77592079999837;97.57487599999811;
460.0427026666407;19160.0;96.81468719999863;98.66409119999832;96.14548159999777;96.14204959999776;96.74693119999871;96.74919919999907;98.68919199999867;97.56250399999871;98.68575999999867;90.5733359999974;94.95433519999821;97.48056479999806;98.61235199999831;98.6020559999983;97.43995359999883;88.831467199998;93.6195255999979;88.12706479999825;94.02639599999767;98.67840639999832;97.47736159999806;
470.0034439999716;19160.0;96.7179887999986;98.61488399999828;96.14458159999774;96.14114959999773;96.6757911999987;96.63069919999906;98.64093199999864;97.46688399999869;98.63749999999864;90.40489279999736;94.81014559999818;97.38305039999801;98.61145199999828;98.60115599999827;97.36517199999881;88.73466879999796;93.40287519999785;87.89782959999819;94.02549599999764;98.62919919999828;97.37984719999801;
480.0034439999689;19160.0;96.71708879999856;98.61398399999825;96.1436815999977;96.1402495999977;96.67489119999867;96.62979919999903;98.64003199999861;97.37126399999866;98.63659999999861;90.22488079999732;94.64170239999814;97.28553599999796;98.61055199999825;98.60025599999824;97.26576319999879;88.73376879999793;93.13781759999779;87.82446879999814;94.02459599999762;98.62829919999825;97.28233279999796;
490.002354666633;19160.0;96.57400879999854;98.61308399999822;95.92539919999763;95.92196719999762;96.55322319999861;96.628899199999;98.63913199999858;97.37036399999863;98.63569999999858;89.81270479999722;94.52003439999808;97.28463599999793;98.46473039999819;98.45443439999818;97.26476319999875;88.15961039999789;93.13691759999776;87.41064159999817;93.56712559999752;98.62739919999822;97.28143279999793;
500.00235466663116;19160.0;96.57310879999851;98.6121839999982;95.73127039999756;95.72783839999755;96.55232319999858;96.62799919999897;98.63823199999855;97.3693639999986;98.63479999999855;89.64935999999715;94.51913439999805;97.2837359999979;98.46383039999816;98.45343439999814;97.26386319999872;87.83539279999783;93.13601759999773;87.07522879999813;93.39715039999746;98.6264991999982;97.2805327999979;
510.00235466663065;19160.0;96.39309679999847;98.49051599999814;95.73037039999753;95.72683839999752;96.37572319999859;96.30931919999898;98.51893199999853;97.22638399999857;98.51549999999853;89.49350159999712;94.33902239999802;97.16206799999784;98.46293039999813;98.45253439999811;97.11519999999871;87.57115119999779;92.81108399999766;86.67773439999804;93.39625039999743;98.48057759999813;97.15886479999784;
520.0034439999641;19160.0;96.39219679999844;98.48961599999811;95.72937039999749;95.72593839999749;96.37482319999856;96.30841919999895;98.5180319999985;97.13076399999855;98.5145999999985;89.36088079999708;94.23065519999798;97.0887071999978;98.4620303999981;98.45163439999808;97.01579119999869;87.54609759999775;92.6060023999976;86.580219999998;93.3953503999974;98.4796775999981;97.0855039999978;
530.0045759999624;19160.0;96.36761679999842;98.48871599999808;95.68016319999745;95.67673119999745;96.32561599999852;96.30751919999892;98.51713199999847;97.08250399999852;98.51359999999846;89.20610079999703;94.13395679999795;97.03949999999776;98.41272319999806;98.40242719999804;96.96563679999866;87.41357679999771;92.50930399999757;86.47208159999796;93.29865199999736;98.47877759999807;97.03619679999775;
540.0012653332949;19160.0;96.27199679999839;98.48771599999804;95.46188079999737;95.45844879999737;96.22810159999847;96.30661919999889;98.51613199999844;97.08160399999849;98.51269999999843;88.82974719999693;94.0364423999979;97.03849999999773;98.33936239999801;98.329066399998;96.96473679999863;86.92273199999767;92.50840399999754;86.08113439999798;92.94874879999728;98.47787759999804;97.03529679999772;
550.0023546666271;19160.0;96.27099679999836;98.48681599999802;95.34021279999732;95.33678079999731;96.22720159999844;96.30571919999886;98.5152319999984;97.08070399999846;98.5117999999984;88.71281519999687;94.03544239999786;97.0375999999977;98.33846239999798;98.32816639999797;96.9638367999986;86.6101831999976;92.50750399999751;85.78025439999792;92.80282719999721;98.47697759999801;97.0343967999977;
560.0034439999605;19160.0;96.05516239999832;98.34099439999795;95.33931279999729;95.33588079999728;96.01548159999845;95.98703919999888;98.37225199999838;96.96140399999844;98.39249999999838;88.49698079999683;93.81960799999783;96.89177839999763;98.33756239999795;98.32726639999794;96.83980079999859;86.43007119999757;92.20672399999745;85.41939839999785;92.80192719999718;98.35530959999795;96.91272879999764;
570.0023546666283;19160.0;96.0542623999983;98.34009439999792;95.33841279999726;95.33498079999725;96.01458159999842;95.98613919999885;98.37135199999835;96.84210399999841;98.39159999999835;88.2810463999968;93.60367359999779;96.74595679999757;98.33666239999792;98.32636639999791;96.71576479999857;86.42917119999754;91.84586799999738;85.27357679999778;92.80102719999715;98.35440959999792;96.76690719999758;
580.0437919999587;19160.0;95.98232239999827;98.3391943999979;95.2408983999972;95.26161999999721;95.91706719999837;95.98523919999882;98.37045199999832;96.84120399999838;98.39069999999832;88.06818479999674;93.50615919999774;96.74505679999754;98.23914799999787;98.25300559999786;96.71486479999854;86.1533607999975;91.84496799999735;85.09601439999778;92.5843767999971;98.35350959999789;96.76600719999755;
590.0012653332913;19160.0;95.93406239999824;98.33829439999786;95.02261599999713;95.04333759999713;95.86785999999833;95.98433919999879;98.3695519999983;96.84030399999835;98.38979999999829;87.73932239999664;93.4569519999977;96.74415679999751;98.18994079999783;98.20379839999782;96.71396479999851;85.72249199999746;91.84406799999732;84.72699999999777;92.27029599999702;98.35260959999786;96.76510719999752;
600.0023546666247;19160.0;95.9330623999982;98.33739439999783;94.92510159999708;94.94582319999708;95.8669599999983;95.98343919999876;98.36865199999826;96.83940399999832;98.38889999999826;87.66880319999659;93.45605199999767;96.74325679999748;98.1890407999978;98.20289839999779;96.71296479999847;85.4574343999974;91.84316799999729;84.48609599999772;92.17278159999697;98.35170959999783;96.76420719999749;
610.0034439999561;19160.0;95.71722799999817;98.19157279999777;94.92420159999705;94.94492319999705;95.65523999999832;95.62963919999878;98.22567199999824;96.6963239999983;98.24591999999824;87.45296879999655;93.24021759999764;96.59743519999742;98.18814079999777;98.20189839999776;96.58892879999846;85.24149999999736;91.48231199999722;84.12523999999765;92.17178159999693;98.20588799999777;96.61838559999742;
620.0374293332874;19160.0;95.71632799999814;98.19067279999774;94.92330159999702;94.94392319999702;95.65433999999829;95.62873919999875;98.22477199999821;96.55334399999828;98.2450199999982;87.27285679999652;93.0601055999976;96.47576719999736;98.18724079999774;98.20099839999773;96.44026559999844;85.24059999999733;91.12155599999716;83.97941839999758;92.1708815999969;98.20488799999774;96.47256399999736;
630.0460133332884;19160.0;95.59702799999812;98.18977279999771;94.77737999999695;94.79810159999695;95.50851839999822;95.62783919999872;98.22387199999818;96.55244399999825;98.24411999999818;86.95360639999645;92.93843759999754;96.47486719999733;98.06557279999768;98.05517679999767;96.43936559999841;84.84565359999729;91.12055599999712;83.7314847999976;91.84594799999684;98.20398799999771;96.47166399999733;
640.0045759999555;19160.0;95.59602799999809;98.18887279999768;94.55909759999687;94.57981919999688;95.5076183999982;95.62693919999869;98.22297199999815;96.55154399999822;98.24311999999814;86.74384879999636;92.93753759999751;96.4739671999973;98.06457279999765;98.05427679999764;96.43846559999838;84.49809839999725;91.1196559999971;83.38535039999758;91.62766559999676;98.20308799999768;96.4706639999973;
650.0045759999557;19160.0;95.54763679999806;98.13956559999764;94.53404399999684;94.53061199999684;95.46015839999818;95.53211919999868;98.17461199999812;96.50328399999819;98.19485999999812;86.68486719999632;92.90081519999748;96.42465999999726;98.06367279999762;98.05337679999761;96.38831119999836;84.25719439999719;91.02295759999706;83.1436303999975;91.57845839999672;98.15388079999764;96.42145679999726;
660.0023546666223;19160.0;95.41511599999802;98.06620479999759;94.53314399999681;94.5297119999968;95.33011839999817;95.30735919999867;98.1026719999981;96.40766399999816;98.12291999999809;86.51642399999628;92.75652559999745;96.35129919999721;98.06277279999759;98.05247679999758;96.28890239999834;84.12467359999715;90.793822399997;82.90282639999745;91.57755839999669;98.08051999999759;96.34809599999721;
670.0034439999571;19160.0;95.41421599999799;98.06530479999756;94.53224399999678;94.52881199999678;95.32921839999814;95.30645919999864;98.10177199999806;96.28836399999814;98.12201999999806;86.33641199999624;92.57651359999741;96.22963119999716;98.06187279999756;98.05157679999755;96.14023919999832;84.12367359999712;90.46878879999693;82.75700479999739;91.57655839999666;98.07961999999756;96.22642799999716;
680.00126533329;19160.0;95.29491599999797;98.06440479999753;94.36226879999671;94.35883679999671;95.18339679999808;95.30555919999861;98.10087199999803;96.28746399999811;98.12111999999803;85.97064879999616;92.45484559999736;96.22873119999713;97.9402047999975;97.92990879999749;96.13933919999829;83.63292879999707;90.4678887999969;82.44994239999741;91.20331759999658;98.07871999999753;96.22552799999713;
690.0012653332891;19160.0;95.29401599999794;98.0635047999975;94.14398639999663;94.14055439999663;95.18249679999805;95.30465919999858;98.099971999998;96.28656399999808;98.120219999998;85.76089119999607;92.45394559999733;96.2278311999971;97.93930479999747;97.92900879999746;96.13843919999826;83.28537359999703;90.46698879999687;82.10286079999737;90.9850351999965;98.0778199999975;96.2246279999971;
700.0023546666223;19160.0;95.17397999999791;97.96599039999745;94.1430863999966;94.1396543999966;95.06479679999805;95.09223919999859;98.00435199999798;96.21462399999805;98.02459999999797;85.65252399999603;92.3339095999973;96.13031679999705;97.93840479999744;97.92810879999743;96.06365759999824;83.08029199999697;90.25033839999682;81.8011647999973;90.98413519999647;98.00445919999746;96.12711359999705;
710.0374293332865;19160.0;95.07718159999787;97.91678319999741;94.14218639999658;94.13875439999657;94.96987679999803;94.94995919999857;97.95609199999795;96.14268399999803;97.97633999999795;85.472411999996;92.16546639999726;96.032802399997;97.93750479999741;97.9272087999974;95.96414879999821;83.00774719999694;89.98528079999676;81.59618319999724;90.98323519999644;97.95525199999742;96.029599199997;
720.0034439999529;19160.0;95.07628159999784;97.91588319999738;94.14128639999655;94.13785439999654;94.968976799998;94.94905919999854;97.95519199999792;96.046963999998;97.97543999999792;85.32822239999597;92.02127679999722;95.93528799999694;97.93660479999738;97.92620879999737;95.88936719999819;83.00684719999691;89.7444767999967;81.49866879999719;90.98233519999641;97.95435199999739;95.93208479999694;
730.0374293332872;19160.0;94.95698159999782;97.91498319999735;93.92300399999647;93.89531839999646;94.84730879999795;94.94815919999851;97.95429199999789;96.04606399999797;97.97453999999789;84.88022399999586;91.87545519999716;95.93438799999691;97.79078319999732;97.80454079999731;95.88846719999816;82.43268879999687;89.74357679999667;81.09628159999721;90.52486479999632;97.95335199999735;95.93118479999691;
740.0437919999548;19160.0;94.95608159999779;97.91408319999732;93.72877519999639;93.72534319999639;94.84640879999792;94.94725919999848;97.95339199999786;96.04516399999794;97.97363999999786;84.71687919999579;91.87455519999713;95.93348799999688;97.78988319999729;97.80364079999728;95.88756719999813;82.10847119999681;89.74257679999664;80.76039519999716;90.35488959999626;97.95245199999732;95.93028479999688;
750.0034439999537;19160.0;94.77606959999775;97.79241519999727;93.72787519999636;93.72444319999636;94.66990879999793;94.61723919999851;97.83409199999784;95.90218399999792;97.83055999999783;84.53676719999575;91.6944431999971;95.81181999999683;97.78888319999726;97.80274079999725;95.73890399999812;81.84422959999677;89.40597439999658;80.38705439999708;90.35398959999623;97.80663039999726;95.78436319999682;
760.0034439999553;19160.0;94.77506959999772;97.79141519999723;93.72697519999633;93.72354319999633;94.6690087999979;94.59255919999848;97.8330919999978;95.80656399999789;97.8296599999978;84.42839999999572;91.58607599999706;95.71420559999677;97.78798319999723;97.80184079999722;95.6394951999981;81.81917599999673;89.14091679999652;80.31369359999704;90.3530895999962;97.80573039999723;95.68684879999677;
770.0056653332906;19160.0;94.7268095999977;97.7905151999972;93.67776799999629;93.67433599999629;94.61970159999785;94.59165919999845;97.83219199999778;95.75830399999786;97.82875999999777;84.27361999999567;91.48927759999702;95.68915199999674;97.73877599999719;97.75263359999718;95.58934079999807;81.72329359999671;89.05588719999648;80.19411519999701;90.23213759999615;97.8048303999972;95.66179519999673;
780.0012653332902;19160.0;94.65486959999767;97.78961519999717;93.45948559999621;93.45605359999621;94.54634079999781;94.59075919999842;97.83129199999775;95.75740399999783;97.82785999999774;83.89726639999557;91.39176319999697;95.68825199999671;97.66541519999714;97.65511919999713;95.58844079999804;81.24411759999666;89.05498719999645;79.81460799999702;89.90638799999607;97.80393039999717;95.6608951999967;
790.0437919999573;19160.0;94.65396959999764;97.78871519999714;93.33781759999616;93.33438559999615;94.54544079999778;94.58985919999839;97.83039199999772;95.7565039999978;97.82695999999771;83.78033439999551;91.39086319999694;95.68735199999668;97.66451519999711;97.6542191999971;95.58754079999801;80.94323759999659;89.05408719999642;79.51372799999696;89.78471999999601;97.80303039999714;95.65999519999667;
800.0034439999584;19160.0;94.4739575999976;97.66704719999709;93.33691759999613;93.33348559999612;94.36894079999779;94.2949591999984;97.71109199999769;95.63720399999778;97.70765999999769;83.60032239999548;91.21085119999691;95.56568399999662;97.66361519999708;97.65331919999707;95.438877599998;80.76312559999656;88.72915359999635;79.18869439999689;89.78381999999598;97.68136239999708;95.53832719999662;
810.0034439999617;19160.0;94.47305759999757;97.66614719999706;93.3360175999961;93.3325855999961;94.36804079999776;94.29405919999837;97.71019199999766;95.51790399999776;97.70675999999766;83.45603279999544;91.05499279999688;95.44401599999657;97.66271519999705;97.65241919999704;95.31484159999798;80.76222559999653;88.40411999999628;79.06702639999683;89.78291999999595;97.68046239999705;95.41665919999656;
820.0034439999647;19160.0;94.37743759999755;97.66524719999703;93.26265679999605;93.25922479999605;94.29467999999771;94.29305919999834;97.70929199999763;95.51700399999773;97.70585999999763;83.21901759999538;90.95747839999683;95.44311599999654;97.589354399997;97.579058399997;95.31384159999794;80.5347223999965;88.40321999999625;78.88969279999684;89.5778383999959;97.67956239999702;95.41575919999653;
830.0056653332975;19160.0;94.32917759999752;97.664347199997;93.04437439999597;93.04094239999597;94.24547279999767;94.29215919999831;97.7083919999976;95.5160039999977;97.7049599999976;82.93761519999529;90.90817119999679;95.4422159999965;97.54014719999697;97.52975119999695;95.31294159999791;80.11552239999645;88.40231999999622;78.52115199999683;89.28791119999582;97.678662399997;95.4148591999965;
840.0056653332963;19160.0;94.32827759999749;97.66344719999697;92.94685999999592;92.94332799999592;94.24457279999764;94.29125919999828;97.70749199999757;95.51510399999766;97.70405999999757;82.84388959999524;90.90727119999676;95.44131599999648;97.53924719999694;97.52885119999692;95.31204159999788;79.85046479999639;88.4014199999962;78.28024799999677;89.19039679999577;97.67766239999696;95.41395919999647;
850.0023546666264;19160.0;94.11234319999745;97.5176255999969;92.94585999999589;92.94242799999589;94.03285279999766;93.9375591999983;97.56451199999755;95.39580399999764;97.56107999999755;82.6279551999952;90.69143679999672;95.29549439999641;97.5383471999969;97.52795119999689;95.18800559999787;79.67035279999635;88.04056399999612;77.9193919999967;89.18949679999574;97.5559943999969;95.26813759999641;
860.005665333293;19160.0;94.11144319999742;97.51672559999687;92.94495999999586;92.94152799999586;94.03195279999763;93.93665919999827;97.56361199999752;95.27650399999762;97.56007999999751;82.41212079999517;90.47550239999669;95.14967279999635;97.53734719999687;97.52705119999686;95.06396959999785;79.66945279999632;87.67980799999606;77.77357039999664;89.18859679999571;97.55509439999688;95.12221599999634;
870.0034439999579;19160.0;93.9684631999974;97.51572559999684;92.7991383999958;92.7957063999958;93.91028479999757;93.93565919999824;97.56261199999749;95.27560399999759;97.55917999999748;82.0811015999951;90.32968079999662;95.14867279999632;97.39152559999681;97.3812295999968;95.06306959999782;79.25025279999628;87.67880799999602;77.49051679999667;88.85189439999564;97.55419439999685;95.12131599999631;
880.0437919999586;19160.0;93.96756319999737;97.51482559999681;92.58085599999572;92.57742399999572;93.90938479999754;93.93475919999821;97.56171199999746;95.27470399999756;97.55827999999745;81.847190399995;90.3287807999966;95.14777279999629;97.39062559999678;97.38032959999677;95.06216959999779;78.89102879999623;87.677907999996;77.14438239999664;88.60945839999556;97.55329439999682;95.12041599999628;
890.0437919999583;19160.0;93.91917199999735;97.46561839999677;92.53164879999568;92.52821679999568;93.86192479999752;93.8162591999982;97.51345199999743;95.22644399999753;97.51001999999743;81.76405519999496;90.28038959999657;95.09856559999625;97.38972559999675;97.37942959999674;95.01201519999776;78.65022479999618;87.55705599999595;76.86683999999657;88.56025119999552;97.50408719999677;95.07120879999624;
900.0034439999597;19160.0;93.7865511999973;97.39225759999673;92.53074879999565;92.52731679999565;93.73188479999752;93.6152791999982;97.4415119999974;95.1308239999975;97.4380799999974;81.61976559999492;90.14786879999653;95.0252047999962;97.38882559999672;97.37852959999671;94.91260639999774;78.48178159999614;87.3520743999959;76.62593599999651;88.55935119999549;97.40657279999672;94.9978479999962;
910.003443999961;19160.0;93.78565119999728;97.3913575999967;92.52984879999562;92.52641679999562;93.73098479999749;93.61437919999817;97.44061199999737;94.98784399999748;97.43717999999737;81.43975359999489;89.9677567999965;94.90353679999615;97.38792559999669;97.37762959999668;94.76394319999773;78.48088159999611;87.02704079999583;76.50426799999646;88.55845119999546;97.4056727999967;94.87617999999614;
920.0374293332941;19160.0;93.64267119999725;97.39045759999667;92.35987359999555;92.35644159999555;93.60931679999743;93.61347919999814;97.43971199999734;94.98694399999745;97.43627999999734;81.0739903999948;89.84608879999644;94.90263679999612;97.26625759999664;97.23180799999662;94.7629431999977;77.99003679999606;87.0261407999958;76.16171199999648;88.18511039999538;97.40477279999666;94.87527999999611;
930.0374293332944;19160.0;93.64177119999722;97.38955759999664;92.14159119999547;92.13815919999547;93.6084167999974;93.6124791999981;97.43881199999731;94.98604399999742;97.43537999999731;80.86423279999471;89.84518879999641;94.90173679999609;97.2653575999966;97.23090799999659;94.76204319999766;77.64248159999602;87.02524079999577;75.81510399999645;87.9668279999953;97.40387279999663;94.87437999999608;
940.0374293332956;19160.0;93.53340399999719;97.31619679999659;92.14069119999544;92.13725919999544;93.52583679999739;93.4114991999981;97.36687199999729;94.89032399999739;97.36343999999728;80.75586559999468;89.73682159999638;94.82837599999604;97.26445759999658;97.22990799999656;94.66263439999764;77.43739999999596;86.82025919999572;75.51340799999637;87.96592799999527;97.33051199999659;94.80101919999603;
950.0374293332935;19160.0;93.46085919999716;97.26698959999655;92.13979119999541;92.13625919999541;93.43091679999738;93.29299919999809;97.31861199999726;94.81838399999737;97.31517999999726;80.64749839999465;89.61678559999635;94.73086159999599;97.26355759999655;97.22900799999653;94.58785279999762;77.36485519999593;86.61517759999566;75.34424879999632;87.96502799999524;97.28120479999654;94.72765839999599;
960.0034439999574;19160.0;93.45995919999713;97.26608959999652;92.13879119999538;92.13535919999538;93.43001679999735;93.29209919999806;97.31771199999723;94.74644399999734;97.31427999999723;80.46738639999461;89.4483423999963;94.63334719999594;97.26265759999652;97.2281079999965;94.5130711999976;77.3639551999959;86.37437359999561;75.24673439999627;87.96412799999521;97.28030479999651;94.63014399999594;
970.0045759999558;19160.0;93.3168791999971;97.26518959999649;91.9205087999953;91.9170767999953;93.30834879999729;93.29119919999803;97.3168119999972;94.74554399999731;97.31327999999719;80.07851679999452;89.32667439999625;94.63244719999591;97.11673599999645;97.10643999999644;94.51217119999757;76.78979679999586;86.37347359999558;74.8329071999963;87.50665759999512;97.27940479999648;94.6291439999959;
980.0045759999525;19160.0;93.31597919999707;97.26418959999646;91.75053359999524;91.74710159999523;93.30744879999726;93.290299199998;97.31581199999717;94.74464399999728;97.31237999999716;79.89196559999444;89.32577439999622;94.63144719999588;97.11583599999642;97.10553999999641;94.51127119999754;76.4655791999958;86.37257359999555;74.50916319999625;87.33668239999506;97.27850479999645;94.62824399999587;
990.0427026666176;19160.0;93.12429839999704;97.1183679999964;91.7496335999952;91.7462015999952;93.09572879999727;92.96017919999802;97.17283199999714;94.62534399999726;97.16939999999714;79.7001847999944;89.10983999999618;94.48562559999581;97.11493599999639;97.10463999999638;94.38723519999752;76.17718399999575;86.01171759999548;74.13582239999617;87.33578239999503;97.13268319999639;94.48242239999581;
1000.0437919999509;19160.0;93.09924479999701;97.11746799999636;91.74873359999518;91.74530159999517;93.09482879999725;92.935599199998;97.17193199999711;94.52972399999723;97.16849999999711;79.55599519999437;88.96565039999615;94.38811119999576;97.11403599999636;97.10373999999635;94.3124535999975;76.17628399999572;85.79506719999543;74.02663919999613;87.334882399995;97.13178319999636;94.38490799999576;
1010.0437919999507;19160.0;93.07466479999698;97.11656799999633;91.69952639999514;91.69609439999513;93.0456215999972;92.93469919999797;97.17103199999708;94.4814639999972;97.16759999999708;79.34113919999432;88.84479839999611;94.33890399999572;97.06482879999632;97.05453279999631;94.26229919999747;76.04376319999568;85.64996159999538;73.9185007999961;87.23818399999496;97.13088319999633;94.33570079999572;
1020.0045759999497;19160.0;92.97894479999695;97.1156679999963;91.48124399999506;91.47781199999505;92.94810719999715;92.93379919999794;97.17013199999705;94.48056399999717;97.16669999999705;78.98809199999423;88.74728399999606;94.33800399999569;96.96731439999627;96.95701839999626;94.26139919999744;75.52958079999564;85.64906159999535;73.52755359999611;86.82820479999486;97.1299831999963;94.33480079999569;
1030.0045759999493;19160.0;92.97804479999692;97.11476799999627;91.335422399995;91.331990399995;92.94720719999712;92.9328991999979;97.16923199999702;94.47966399999714;97.16579999999702;78.84795359999416;88.74638399999603;94.33710399999566;96.96641439999624;96.95611839999623;94.26049919999741;75.22870079999558;85.64816159999532;73.21500479999605;86.70653679999481;97.12908319999627;94.33390079999566;
1040.0374293332807;19160.0;92.79803279999689;96.99309999999622;91.33452239999497;91.33109039999496;92.77060719999713;92.61421919999792;97.049931999997;94.33668399999712;97.046499999997;78.66784159999412;88.56627199999599;94.2154359999956;96.96551439999621;96.9552183999962;94.11173599999739;74.98861279999554;85.34738159999526;72.86581759999598;86.70563679999478;96.98326159999621;94.2122327999956;
1050.0374293332861;19160.0;92.79713279999686;96.99219999999619;91.33362239999494;91.33019039999493;92.7697071999971;92.61331919999789;97.04903199999697;94.1936039999971;97.04559999999697;78.51198319999409;88.38625999999596;94.09376799999555;96.96461439999618;96.95421839999617;93.96307279999738;74.9877127999955;85.02234799999519;72.74414959999592;86.70473679999475;96.98236159999618;94.09056479999555;
1060.0012653332874;19160.0;92.72519279999683;96.99129999999616;91.26026159999489;91.23257599999488;92.67219279999705;92.61241919999786;97.04813199999694;94.19270399999706;97.04469999999694;78.28653679999402;88.31289919999591;94.09286799999552;96.89125359999613;96.85670399999611;93.96217279999735;74.71190239999547;85.02144799999516;72.57815599999591;86.4997551999947;96.98136159999615;94.08966479999552;
1070.0023546666223;19160.0;92.6769327999968;96.99039999999613;91.0177255999948;91.0142935999948;92.62298559999701;92.61151919999783;97.04723199999691;94.19180399999703;97.0437999999969;78.00513439999393;88.26369199999587;94.09196799999549;96.8420463999961;96.83165039999608;93.96127279999732;74.29270239999542;85.02054799999513;72.19747279999591;86.20982799999462;96.98046159999612;94.08876479999549;
1080.0045759999557;19160.0;92.67593279999677;96.9894999999961;90.94436479999476;90.94093279999475;92.62208559999698;92.6106191999978;97.04633199999688;94.190903999997;97.04279999999687;77.91140879999388;88.26279199999584;94.09106799999546;96.84104639999606;96.83075039999605;93.96037279999729;74.05179839999536;85.0196479999951;71.99249119999585;86.11221359999456;96.97956159999609;94.08776479999545;
1090.0427026666202;19160.0;92.46009839999674;96.84357839999603;90.94346479999473;90.94003279999473;92.410365599997;92.29193919999781;96.90325199999685;94.07160399999698;96.92349999999685;77.69547439999384;88.0468575999958;93.9451463999954;96.84014639999603;96.82985039999602;93.83633679999727;73.87168639999533;84.69471439999504;71.63163519999578;86.11131359999453;96.85789359999603;93.9660967999954;
1100.0437919999472;19160.0;92.45919839999671;96.842678399996;90.9425647999947;90.9391327999947;92.40946559999696;92.29103919999778;96.90235199999682;93.95230399999696;96.92259999999682;77.4795399999938;87.83092319999577;93.79932479999533;96.839246399996;96.82895039999599;93.71230079999725;73.8707863999953;84.33385839999497;71.50996719999573;86.1104135999945;96.856993599996;93.82027519999534;
1110.0012653332774;19160.0;92.33989839999668;96.84177839999597;90.79674319999464;90.81746479999464;92.2636439999969;92.29013919999775;96.9014519999968;93.95140399999693;96.92169999999679;77.14862079999374;87.6851015999957;93.7984247999953;96.69342479999594;96.70728239999593;93.71140079999722;73.45168639999525;84.33295839999494;71.23825359999574;85.77381119999444;96.85609359999597;93.8193751999953;
1120.0023546666077;19160.0;92.33899839999665;96.84087839999594;90.57846079999456;90.59918239999456;92.26274399999687;92.28923919999772;96.90055199999676;93.9505039999969;96.92079999999676;76.91470959999364;87.68420159999567;93.79752479999527;96.69252479999591;96.7063823999959;93.71050079999719;73.09246239999521;84.3320583999949;70.89164559999571;85.53137519999436;96.85519359999594;93.81847519999528;
1130.0045759999402;19160.0;92.26635359999662;96.7916711999959;90.52925359999452;90.54997519999452;92.19160399999686;92.19441919999771;96.85229199999674;93.90224399999687;96.87253999999673;76.8557279999936;87.63581039999565;93.74831759999523;96.69162479999588;96.70548239999587;93.68497359999716;72.82740479999515;84.25951359999488;70.65084159999566;85.48206799999431;96.8059863999959;93.76926799999524;
1140.003443999942;19160.0;92.12216399999659;96.69415679999585;90.52835359999449;90.54907519999449;92.05022399999686;91.93453919999772;96.75667199999671;93.80662399999684;96.77691999999671;76.65146239999356;87.4673671999956;93.65080319999518;96.69072479999585;96.70458239999584;93.58556479999714;72.68311519999511;83.99445599999481;70.3857839999956;85.48116799999428;96.70847199999585;93.67175359999518;
1150.0374293332782;19160.0;92.12126399999656;96.69325679999582;90.52745359999446;90.54817519999446;92.04932399999683;91.93363919999769;96.75577199999668;93.66364399999682;96.77601999999668;76.47145039999353;87.28735519999557;93.52913519999512;96.68982479999582;96.70368239999581;93.43680159999712;72.68221519999508;83.63359999999474;70.26411599999554;85.48026799999425;96.70757199999582;93.52593199999512;
1160.0012653332785;19160.0;92.00196399999653;96.69235679999579;90.35747839999439;90.3781999999944;91.90350239999677;91.93273919999766;96.75487199999665;93.66264399999679;96.77511999999665;76.10568719999344;87.16568719999552;93.5282351999951;96.56815679999576;96.55776079999575;93.4359015999971;72.22729279999504;83.63269999999471;69.93289999999556;85.13118079999418;96.70667199999579;93.5250319999951;
1170.037429333277;19160.0;92.0010639999965;96.69145679999576;90.13919599999431;90.1356639999943;91.90250239999673;91.93183919999763;96.75397199999662;93.66174399999676;96.77421999999662;75.89592959999335;87.16478719999549;93.52733519999506;96.56725679999573;96.55686079999572;93.43500159999707;71.879737599995;83.63179999999468;69.58581839999552;84.9128983999941;96.70567199999576;93.52413199999506;
1180.00457599994;19160.0;91.89259679999647;96.61809599999572;90.13819599999428;90.13476399999428;91.79624239999673;91.73075919999762;96.6820319999966;93.56612399999673;96.70227999999659;75.82338479999332;87.08057359999546;93.45397439999502;96.5663567999957;96.55596079999569;93.33559279999704;71.66298719999494;83.42681839999463;69.35668319999546;84.91189839999407;96.6081575999957;93.45077119999502;
1190.0034439999426;19160.0;91.82005199999644;96.56888879999568;90.13729599999425;90.13386399999425;91.72510239999671;91.63593919999761;96.63377199999657;93.47050399999671;96.65391999999656;75.67909519999328;86.94795279999542;93.38061359999497;96.56535679999567;96.55506079999566;93.23618399999702;71.60211119999491;83.23432159999459;69.1632703999954;84.91099839999404;96.58310399999567;93.35315679999496;
1200.0437919999345;19160.0;91.81915199999641;96.56788879999564;90.13639599999422;90.13296399999422;91.72420239999668;91.63503919999758;96.63277199999654;93.39856399999668;96.65301999999653;75.53490559999325;86.80376319999539;93.28299919999492;96.56445679999564;96.55416079999563;93.136775199997;71.60121119999488;83.00508639999452;69.08990959999535;84.91009839999401;96.58220399999564;93.27979599999492;
1210.001265333272;19160.0;91.69985199999638;96.56698879999561;89.91811359999414;89.91468159999414;91.57838079999662;91.63413919999755;96.6318719999965;93.39766399999665;96.6521199999965;75.08690719999315;86.65794159999533;93.28209919999489;96.44278879999558;96.43249279999557;93.13587519999697;71.07454399999483;83.0041863999945;68.68752239999537;84.51270399999393;96.58130399999561;93.27889599999489;
1220.0023546666084;19160.0;91.69895199999635;96.56608879999558;89.74813839999408;89.74470639999407;91.5774807999966;91.63323919999752;96.63097199999648;93.39676399999662;96.65121999999647;74.92356239999307;86.6570415999953;93.28119919999486;96.44188879999555;96.43159279999554;93.13497519999694;70.75032639999478;83.00328639999447;68.36330479999532;84.34272879999386;96.58040399999558;93.27799599999486;
1230.0023546666098;19160.0;91.48301759999632;96.42026719999552;89.74723839999405;89.74380639999404;91.3894407999966;91.27943919999754;96.48799199999645;93.2774639999966;96.50823999999645;74.76770399999305;86.46526079999526;93.1353775999948;96.44098879999552;96.43069279999551;93.01093919999693;70.52190719999473;82.6424303999944;67.97829519999524;84.34182879999383;96.45873599999553;93.1321743999948;
1240.0023546666096;19160.0;91.48211759999629;96.41936719999549;89.74633839999402;89.74290639999401;91.36486079999658;91.27853919999751;96.48709199999642;93.20552399999657;96.50733999999642;74.599260799993;86.32107119999523;93.03786319999475;96.4400887999955;96.42979279999548;92.9361575999969;70.5210071999947;82.42577999999435;67.8807807999952;84.3409287999938;96.4578359999955;93.03465999999474;
1250.001265333276;19160.0;91.43385759999626;96.41846719999546;89.69713119999398;89.69369919999397;91.31565359999654;91.27763919999748;96.4861919999964;93.15726399999654;96.50643999999639;74.39698959999296;86.17596559999518;92.9886559999947;96.39088159999545;96.40473919999545;92.88600319999688;70.40097119999467;82.2807743999943;67.73752239999517;84.21997679999376;96.45693599999547;92.9854527999947;
